<?xml version="1.0" encoding="utf-8"?>
<openerp>

    <data noupdate="0">



        <record model="ir.module.category" id="module_category_realestate">
            <field name="name">Real Estate</field>
        </record>

        <record model="res.groups" id="group_basic_realestate">
            <field name="name">Basic Real Estate Group</field>
            <field name="category_id" ref="module_category_realestate"/>
            <field name="implied_ids" eval="[(4, ref('base.group_no_one'))]"/>
            <field name="users" eval="[(4, ref('base.user_root'))]"/>
        </record>




        <record model="res.groups" id="group_cash_account_realestate">
            <field name="name">Cash Account User</field>
            <field name="category_id" ref="module_category_realestate"/>
            <field name="implied_ids" eval="[(4, ref('realestate.group_basic_realestate'))]"/>
        </record>

         <record model="res.groups" id="group_bank_account_realestate">
            <field name="name">Bank Account User</field>
            <field name="category_id" ref="module_category_realestate"/>
            <field name="implied_ids" eval="[(4, ref('realestate.group_cash_account_realestate'))]"/>
         </record>

         <record model="res.groups" id="group_bank_account_realestate">
            <field name="name">check Account Manager</field>
            <field name="category_id" ref="module_category_realestate"/>
            <field name="implied_ids" eval="[(4, ref('realestate.group_bank_account_realestate'))]"/>
         </record>







    </data>
</openerp>
